<?xml version="1.0" encoding="UTF-8"?><w:footnotes xmlns:m="http://schemas.openxmlformats.org/officeDocument/2006/math" xmlns:a="http://schemas.openxmlformats.org/drawingml/2006/main" xmlns:v="urn:schemas-microsoft-com:vml" xmlns:wp14="http://schemas.microsoft.com/office/word/2010/wordprocessingDrawing" xmlns:pic="http://schemas.openxmlformats.org/drawingml/2006/picture" xmlns:wp="http://schemas.openxmlformats.org/drawingml/2006/wordprocessingDrawing" xmlns:a14="http://schemas.microsoft.com/office/drawing/2010/main" xmlns:w10="urn:schemas-microsoft-com:office:word" xmlns:w="http://schemas.openxmlformats.org/wordprocessingml/2006/main" xmlns:w14="http://schemas.microsoft.com/office/word/2010/wordml" xmlns:wpc="http://schemas.microsoft.com/office/word/2010/wordprocessingCanvas" xmlns:wpg="http://schemas.microsoft.com/office/word/2010/wordprocessingGroup" xmlns:mc="http://schemas.openxmlformats.org/markup-compatibility/2006" xmlns:wpi="http://schemas.microsoft.com/office/word/2010/wordprocessingInk" xmlns:o="urn:schemas-microsoft-com:office:office" xmlns:wne="http://schemas.microsoft.com/office/word/2006/wordml" xmlns:r="http://schemas.openxmlformats.org/officeDocument/2006/relationships" xmlns:wps="http://schemas.microsoft.com/office/word/2010/wordprocessingShape" mc:Ignorable="w14 wp14"><w:footnote w:type="separator" w:id="-1"><w:p><w:pPr><w:spacing w:after="0" w:line="240" w:lineRule="auto"/></w:pPr><w:r><w:separator/></w:r></w:p></w:footnote><w:footnote w:type="continuationSeparator" w:id="0"><w:p><w:pPr><w:spacing w:after="0" w:line="240" w:lineRule="auto"/></w:pPr><w:r><w:continuationSeparator/></w:r></w:p></w:footnote></w:footnotes>